<?xml version="1.0" encoding="UTF-8"?>
<!-- <?oxygen RNGSchema="http://thun-korrespondenz.uibk.ac.at/svn/thun/thun-korrespondenz/schema/thun-schema.rnc" type="compact"?> -->
<TEI xmlns="http://www.tei-c.org/ns/1.0" xml:base="http://digital-archiv.at:8081/exist/rest/db/files/thun/xml/" xml:id="diepenbrock-an-thun_1850-04-04_A3-XXI-D42.xml">
    <teiHeader>
        <fileDesc>
            <titleStmt>
                <title>
                    <persName key="diepenbrock-melchior" role="sender:kleriker">Melchior
                        Diepenbrock</persName> an <persName key="thun-hohenstein-leo" role="recipient">Leo Thun</persName>
                    <lb/>
                    <placeName>Breslau</placeName>, <date when="1850-04-04">4. April
                    1850</date>
                </title>
            </titleStmt>
            <publicationStmt>
                <p/>
            </publicationStmt>
            <sourceDesc>
                <msDesc>
                    <msIdentifier>
                        <institution>Staatliches Gebietsarchiv Leitmeritz, Zweigstelle
                            Tetschen-Bodenbach</institution>
                        <repository>Familienarchiv Thun-Hohenstein, Linie Tetschen, Nachlass Leo
                            Thun</repository>
                        <idno>A3 XXI D42</idno>
                    </msIdentifier>
                    <msContents>
                        <p>Fürstbischof Melchior Diepenbrock bittet Leo Thun um Unterstützung für
                            Albert Koch, der ein fossiles Riesentier in Wien ausstellen möchte und
                            ein dazu ein passendes Gebäude benötigt. Im zweiten Teil des Briefes
                            kommt Diepenbrock auf die Berufungspolitik Thuns zu sprechen. Er betont
                            dabei, dass die Berufung gewisser, nicht näher genannter Personen nach
                            Österreich in Breslau und auch andernorts durchaus Befremden ausgelöst
                            habe. Insbesondere wundere man sich, dass Thun dabei einem Berater
                            folge, der für ein katholisches Land wie Österreich wohl nicht geeignet
                            erscheint. Diepenbrock hatte auch erst kürzlich mit Theodor Brüggemann,
                            der für das katholische Unterrichtswesen im preußischen
                            Unterrichtsministerium zuständig ist, darüber gesprochen. Brüggemann hat
                            Diepenbrock in dieser Angelegenheit zudem einen Brief geschrieben, den
                            er diesem Schreiben beilegt. Zuletzt kommt Diepenbrock auf die
                            Bischofsversammlung des vorigen Jahres zu sprechen, und spricht seine
                            Hoffnung aus, dass die dort gefassten Beschlüsse möglichst bald
                            umgesetzt werden.</p>
                    </msContents>
                </msDesc>
            </sourceDesc>
        </fileDesc>
        <revisionDesc docStatus="approved"/>
    </teiHeader>
    <text>
        <body>
            <div type="transcript">
                <index>
                    <term>Bischofsversammlung</term>
                    <term>Personalfragen</term>
                    <term>Preußen</term>
                </index>
                <p>Hochgeborner Graf!<lb/>Hochzuverehrender Herr Staatsminister!</p>
                <p>Eurer Excellenz erlaube ich mir nachträglich zu meinem letzten Schreiben in der
                    Angelegenheit des Herrn <persName key="koch-albert-carl">Prof. Dr.
                        Koch</persName>, anliegend eine soeben hier erschienene kleine Schrift
                    desselben ergebenst zu übersenden, woraus Euer Excellenz Sich Selbst überzeugen
                    wollen, daß die von <persName key="koch-albert-carl">Dr. Koch</persName>
                    beabsichtigte oder gewünschte Aufstellung seines merkwürdigen fossilen
                    Riesenthieres in <placeName>Wien</placeName>, allerdings durch das lehrreiche
                    Interesse, welches sie bietet, Hochdero Unterstützung behufs der kostenfreien
                    Anweisung eines geeigneten Locales wohl verdient, um welche ich daher im Namen
                    des wackern Mannes nochmals recht angelegen bitte.<lb/>Zugleich erlaube ich mir
                    in redlichem Vertrauen Eurer Excellenz einen gestern von Herrn Geheimenrath
                    [sic!] <persName key="brueggemann-theodor">Dr. Brüggemann</persName>
                    (gegenwärtig in <placeName>Erfurt</placeName>) erhaltenen Brief aus dem Grunde
                    zur gefälligen Einsicht mitzutheilen, weil darin eine, auch Eure Excellenz nahe
                    betreffende Angelegenheit berührt wird, die Berufung nämlich preußischer
                    Professoren nach <country>Oesterreich</country>. Ich kann es nicht läugnen, daß
                    diese Maßregel, und insbesondere manche der Personen, auf welche sie sich
                    erstreckt, hier und anderwärts in intelligenten Kreisen Gegenstand des
                    Befremdens und der Besorgnis geworden, und daß man sich fragt, ob
                        <country>Oesterreich</country> denn nicht schon hinlänglichen eigenen
                    Vorrath an auflösenden und zersetzenden Elementen habe, daß es sich derlei
                    Stoffe künstlich von außen importire und einimpfe? Insbesondere nennt man hier
                    einen Gelehrten<note xml:id="note_1">Gemeint ist wohl <persName key="bonitz-hermann">Hermann Bonitz</persName>.</note>, der mit seinen
                    Vorschlägen dabei zu Rathe gezogen seyn soll, und dem man wohl philologisches
                    Wissen, umso weniger aber alles andere zuerkennen will, worauf es bei der
                    Auswahl der Jugendbildner, zumal für ein katholisches Land, doch zunächst
                    ankommen dürfte. – Geheimrath <persName key="brueggemann-theodor">Brüggemann</persName>, der das katholische Studienwesen im preußischen
                    Cultusministerium leitet, war kürzlich hier, und wir sprachen auch gelegentlich
                    über jene, von Eurer Excellenz gewiß, woran niemand zweifelt, in der allerbesten
                    Absicht zugelassenen Berufungen, und an dieses Gespräch knüpft sich der gestrige
                        Brief<note xml:id="note_2">Der erwähnte Brief ist nicht überliefert.</note>,
                    den ich Hochderselben nicht vorenthalten zu dürfen glaube, bittend jedoch, daß
                    diese Mittheilung als eine des engsten Vertrauens angesehen werden wolle.
                    Geheimrath <persName key="brueggemann-theodor">Brüggemann</persName> ist ein
                    durch Charakter und wissenschaftliche Bildung gleich sehr ausgezeichneter Mann,
                    und dabei von inniger katholischer Gesinnung und Glaubenstreue beseelt, wie sein
                    Auftreten in der preußischen Kammer bewiesen [sic!]. (Seine durch ein momentanes
                    Augenleiden unglücklicher Weise noch unleserlicher gewordene Handschrift bitte
                    ich zu entschuldigen; ich habe mich bemüht, durch Nachhülfe der Züge das
                    Dechiffriren möglichst zu erleichtern.)<lb/>Wird denn unsre vorigjährige so
                    mühsame Episkopalconferenz nicht endlich einige Früchte tragen? Es wäre wohl an
                    der Zeit! – Möge man auch erkennen, daß es, namentlich bei der heutigen
                    politischen Weltlage, für einen katholischen Staat gewiß eine Forderung der
                    Klugheit, geschweige der Gerechtigkeit ist, der katholischen Kirche gegenüber
                    sich mindestens ebenso liberal zu beweisen, wie das erzprotestantische
                        <country>Preußen</country>. – Möge es dem gerechten redlichen Willen Eurer
                    Excellenz, von welchem ich vollkommen überzeugt bin, bald gelingen, die
                    entgegenstrebenden Hindernisse zu beseitigen oder zu besiegen, und die
                    Verfassungsverheißungen, die <hi rend="ul">in diesem Punkte</hi> unzweifelhaft
                        <hi rend="ul">edle</hi> Errungenschaften sind, wahr zu machen! </p>
                <p>Mit vollkommenster Hochachtung habe ich die Ehre zu geharren</p>
                <p>Eurer Excellenz<lb/>ganz ergebenster Diener<lb/>M.
                    Diepenbrock<lb/>Fürstbischof</p>
                <p>Breslau, den 4. April 1850</p>
            </div>
        </body>
    </text>
</TEI>